H37Rv_POS,gene,short_name,snp_type,H37Rv,SAWC-507,SAWC-5218,SAWC-5527
1285,dnaA,dnaA1285,nsSNP,G,G,G,G
4013,recF,recF4013,nsSNP,T,C,C,C
15890,pknB,pknB15890,silent,G,G,G,G
37334,fadD34,fadD3437334,nsSNP,A,T,T,T
43347,mtc28,mtc2843347,nsSNP,T,T,T,T
45753,leuS,leuS45753,nsSNP,T,T,T,T
66604,celA1,celA166604,silent,A,A,A,A
109192,fadD10,fadD10109192,nsSNP,G,G,G,G
128357,ctpI,ctpI128357,nsSNP,C,C,C,C
138419,gmhB,gmhB138419,nsSNP,G,G,G,G
141623,oxyS,oxyS141623,nsSNP,G,A,A,A
144699,fadD7,fadD7144699,silent,C,A,A,A
146236,fusA2,fusA2146236,silent,C,G,G,G
163940,cyp138,cyp138163940,nsSNP,A,A,A,A
204094,lprK,lprK204094,silent,G,T,T,T
220414,ilvD,ilvD220414,nsSNP,T,T,T,T
239733,mmpL11,mmpL11239733,nsSNP,G,G,G,G
252900,pckA,pckA252900,silent,C,C,C,C
256760,fadD4,fadD4256760,silent,C,C,C,C
258117,fadE3,fadE3258117,nsSNP,C,C,C,C
262829,lipC,lipC262829,silent,C,C,C,C
393387,cyp135A1,cyp135A1393387,nsSNP,C,C,C,C
412112,iniA,iniA412112,nsSNP,G,G,G,G
441823,fba,fba441823,silent,C,T,T,T
485188,fadD30,fadD30485188,silent,C,C,C,C
492416,pta,pta492416,nsSNP,G,G,G,G
496937,pknG,pknG496937,silent,G,G,G,G
498298,glnH,glnH498298,nsSNP,C,C,C,C
502494,thiG,thiG502494,silent,C,C,C,C
505843,lpqM,lpqM505843,nsSNP,A,A,A,A
516203,xthA,xthA516203,silent,C,C,C,C
553861,lpd,lpd553861,silent,G,G,G,G
560521,umaA,umaA560521,nsSNP,A,A,A,A
572345,lprQ,lprQ572345,silent,G,G,G,G
605150,hemB,hemB605150,silent,G,A,A,A
620625,ccsA,ccsA620625,nsSNP,A,G,G,G
637391,pitA,pitA637391,nsSNP,G,G,G,G
647110,menD,menD647110,silent,G,G,G,G
655559,gpsA,gpsA655559,nsSNP,G,G,G,G
660709,cyp135B1,cyp135B1660709,silent,G,G,G,G
721373,recD,recD721373,nsSNP,T,G,G,G
725190,recC,recC725190,silent,G,A,A,A
726857,recC,recC726857,nsSNP,G,G,G,G
773497,echA4,echA4773497,nsSNP,C,A,A,A
781687,rpsL,rpsL781687,nsSNP,A,A,A,A
793412,lldD1,lldD1793412,silent,G,G,G,G
803298,rplB,rplB803298,silent,C,C,C,C
817378,sppA,sppA817378,silent,C,C,C,C
820503,serA2,serA2820503,nsSNP,C,C,C,C
825655,secY,secY825655,nsSNP,C,C,C,C
843885,fadE9,fadE9843885,nsSNP,T,T,T,T
845163,mmsA,mmsA845163,nsSNP,T,T,T,C
860014,cyp123,cyp123860014,nsSNP,T,T,T,T
861277,aldA,aldA861277,silent,C,C,C,C
870019,purB,purB870019,silent,C,C,C,T
871987,cyp126,cyp126871987,nsSNP,G,G,G,G
875857,ptrBb,ptrBb875857,nsSNP,C,C,C,C
902485,purF,purF902485,silent,C,C,C,C
940748,narL,narL940748,nsSNP,T,G,G,G
945136,cysK2,cysK2945136,nsSNP,C,C,C,C
951702,far,far951702,nsSNP,C,T,T,T
955127,fadA,fadA955127,nsSNP,A,A,A,A
989312,citA,citA989312,nsSNP,T,T,T,T
1008257,echA6,echA61008257,silent,C,C,C,C
1022591,betP,betP1022591,nsSNP,G,G,G,G
1053912,-,-1053912,nsSNP,T,T,T,T
1062081,sucC,sucC1062081,nsSNP,C,C,C,C
1063398,sucD,sucD1063398,nsSNP,C,C,C,C
1083006,fadE12,fadE121083006,nsSNP,C,C,C,C
1098417,mprB,mprB1098417,nsSNP,G,G,G,G
1101317,mscL,mscL1101317,nsSNP,C,C,C,C
1125685,metG,metG1125685,nsSNP,G,G,G,G
1127493,tatD,tatD1127493,silent,T,C,C,C
1131095,ispE,ispE1131095,nsSNP,C,C,C,C
1152900,kdpA,kdpA1152900,nsSNP,A,A,A,A
1154646,kdpB,kdpB1154646,nsSNP,C,C,C,C
1200773,lipU,lipU1200773,nsSNP,G,G,G,G
1246500,bpoB,bpoB1246500,nsSNP,C,C,C,C
1286766,mutT2,mutT21286766,nsSNP,G,C,C,C
1293333,narJ,narJ1293333,nsSNP,C,G,G,G
1301002,mshB,mshB1301002,silent,G,G,G,G
1303763,fbiC,fbiC1303763,nsSNP,G,G,G,G
1306514,fadH,fadH1306514,silent,G,G,G,G
1349733,fadD6,fadD61349733,nsSNP,G,C,C,C
1356413,glgC,glgC1356413,nsSNP,C,G,G,G
1419543,lprA,lprA1419543,nsSNP,A,A,A,A
1438094,cysD,cysD1438094,silent,G,G,G,G
1447786,argS,argS1447786,nsSNP,C,C,C,C
1477596,ogt,ogt1477596,silent,C,T,T,T
1479085,alkA,alkA1479085,nsSNP,T,C,C,C
1492913,glgE,glgE1492913,nsSNP,G,G,G,G
1504034,cysM,cysM1504034,nsSNP,A,A,A,A
1511460,fadE14,fadE141511460,silent,C,C,C,C
1553249,pyrB,pyrB1553249,silent,G,G,G,G
1565566,dfp,dfp1565566,silent,C,C,C,C
1570483,cyp132,cyp1321570483,nsSNP,C,C,C,C
1583569,fmu,fmu1583569,nsSNP,A,A,A,A
1586102,ribG,ribG1586102,silent,T,T,T,T
1594906,uvrC,uvrC1594906,nsSNP,G,A,A,A
1595342,uvrC,uvrC1595342,nsSNP,T,C,C,C
1616061,tpiA,tpiA1616061,silent,C,T,T,T
1627772,tal,tal1627772,silent,G,G,G,G
1652511,csd,csd1652511,nsSNP,C,C,C,C
1715165,mmpL12,mmpL121715165,nsSNP,G,C,C,C
1741352,ansA,ansA1741352,nsSNP,C,T,T,T
1750386,dnaE,dnaE1750386,nsSNP,C,C,C,C
1755506,plsB1,plsB11755506,nsSNP,T,T,T,T
1758588,frdA,frdA1758588,nsSNP,A,A,A,A
1759521,frdB,frdB1759521,silent,C,C,C,C
1770945,treX,treX1770945,silent,C,T,T,T
1778323,bioD,bioD1778323,silent,G,G,G,G
1790479,bioB,bioB1790479,nsSNP,C,C,C,C
1798110,nadC,nadC1798110,silent,C,C,C,C
1799771,hisD,hisD1799771,silent,T,T,T,T
1813020,trpA,trpA1813020,nsSNP,G,G,G,G
1831220,polA,polA1831220,nsSNP,A,C,C,C
1831226,polA,polA1831226,nsSNP,A,G,G,G
1831288,polA,polA1831288,silent,?,T,T,T
1844339,uvrA,uvrA1844339,nsSNP,A,G,G,G
1849934,lysS,lysS1849934,nsSNP,A,G,G,G
1906078,moeX,moeX1906078,nsSNP,A,G,G,G
1924008,pyrG,pyrG1924008,silent,G,A,A,A
1978776,fadD1,fadD11978776,silent,A,A,A,A
2011314,cyp144,cyp1442011314,nsSNP,C,T,T,T
2034070,mycP5,mycP52034070,silent,A,C,C,C
2067684,secA2,secA22067684,nsSNP,G,A,A,A
2086672,glcB,glcB2086672,nsSNP,C,T,T,T
2092763,guaB1,guaB12092763,silent,G,G,G,G
2093991,gnd1,gnd12093991,nsSNP,C,C,C,C
2101490,ureD,ureD2101490,silent,T,T,T,T
2147336,lipJ,lipJ2147336,nsSNP,C,C,C,C
2155168,katG,katG2155168,nsSNP,C,C,C,C
2172964,lppF,lppF2172964,nsSNP,T,G,G,G
2178823,fadD31,fadD312178823,silent,C,C,C,C
2186165,fadE17,fadE172186165,silent,T,T,T,T
2208361,yrbE3A,yrbE3A2208361,nsSNP,A,A,A,A
2235087,ctpG,ctpG2235087,silent,G,A,A,A
2275773,pfkB,pfkB2275773,nsSNP,C,C,C,C
2291161,lipT,lipT2291161,silent,C,C,C,C
2314689,rpmG,rpmG2314689,nsSNP,C,A,A,A
2321975,cobG,cobG2321975,silent,T,C,C,C
2344499,pknJ,pknJ2344499,nsSNP,T,G,G,G
2346318,pepE,pepE2346318,nsSNP,G,A,A,A
2384452,metH,metH2384452,nsSNP,C,C,C,C
2399177,pyrD,pyrD2399177,nsSNP,G,G,G,G
2399834,TB18.6,TB18.62399834,silent,T,T,T,T
2411496,murC,murC2411496,silent,G,A,A,A
2428517,mraW,mraW2428517,silent,A,G,G,G
2449249,fadD15,fadD152449249,nsSNP,T,C,T,C
2467746,cbhK,cbhK2467746,silent,G,G,G,G
2476183,gcvT,gcvT2476183,silent,C,C,C,C
2489771,glnE,glnE2489771,silent,C,C,C,C
2493394,glnA2,glnA22493394,silent,G,G,G,G
2505016,cobC,cobC2505016,silent,C,C,C,C
2571298,htpG,htpG2571298,nsSNP,C,C,C,C
2573279,cut2,cut22573279,nsSNP,C,C,C,C
2589036,uspA,uspA2589036,nsSNP,G,C,C,C
2602454,narK1,narK12602454,silent,T,T,T,T
2606007,mez,mez2606007,silent,A,A,A,A
2619799,lppQ,lppQ2619799,nsSNP,A,A,A,A
2643676,recO,recO2643676,silent,G,G,G,G
2649722,phoH1,phoH12649722,nsSNP,C,C,C,C
2675469,mbtB,mbtB2675469,silent,A,A,A,A
2678835,mbtI,mbtI2678835,nsSNP,T,C,C,C
2714846,eis,eis2714846,nsSNP,C,T,T,T
2726636,ahpC,ahpC2726636,silent,G,G,G,G
2733931,rbsK,rbsK2733931,silent,A,A,A,A
2742434,rne,rne2742434,nsSNP,C,C,C,C
2745545,ndk,ndk2745545,silent,T,T,T,T
2780415,gdh,gdh2780415,silent,G,A,A,A
2817502,accD1,accD12817502,nsSNP,A,C,C,C
2818540,scoB,scoB2818540,silent,G,G,G,G
2845914,fas,fas2845914,nsSNP,G,G,G,G
2852097,mrr,mrr2852097,nsSNP,G,G,G,G
2852598,mrr,mrr2852598,nsSNP,G,G,G,G
2862687,aroK,aroK2862687,nsSNP,C,C,C,C
2897755,aspS,aspS2897755,nsSNP,C,C,C,C
2903643,dhaA,dhaA2903643,nsSNP,C,C,C,C
2915226,secD,secD2915226,nsSNP,A,A,A,A
2916854,gabT,gabT2916854,silent,C,G,C,G
2924706,ruvA,ruvA2924706,nsSNP,G,G,G,G
2929956,speE,speE2929956,silent,C,C,C,C
2938069,pimA,pimA2938069,silent,C,C,C,C
2941968,thrS,thrS2941968,nsSNP,G,G,G,G
3048912,recX,recX3048912,nsSNP,C,G,G,G
3057256,35kd_ag,35kd_ag3057256,nsSNP,G,G,G,G
3075639,fabG,fabG3075639,silent,T,C,C,C
3093679,rpsO,rpsO3093679,nsSNP,A,A,A,A
3141585,ugpA,ugpA3141585,nsSNP,C,C,C,C
3147511,infB,infB3147511,silent,T,T,T,T
3162021,mqo,mqo3162021,nsSNP,G,G,G,G
3172620,glnA4,glnA43172620,silent,A,A,A,A
3173283,mapB,mapB3173283,silent,T,T,T,T
3209156,fdhD,fdhD3209156,nsSNP,G,A,A,A
3218997,dacB2,dacB23218997,nsSNP,T,T,T,T
3236744,smc,smc3236744,nsSNP,C,C,C,C
3299385,fadD22,fadD223299385,silent,C,C,C,C
3349575,gltX,gltX3349575,nsSNP,T,T,T,T
3353130,leuB,leuB3353130,silent,G,G,G,G
3355057,serA1,serA13355057,nsSNP,C,T,T,T
3375807,lpqA,lpqA3375807,nsSNP,T,T,T,T
3404684,ctaD,ctaD3404684,nsSNP,T,T,T,T
3405902,fecB,fecB3405902,nsSNP,G,G,G,G
3412611,nrdE,nrdE3412611,nsSNP,T,C,C,C
3425854,ligB,ligB3425854,nsSNP,C,T,T,T
3433281,pgmA,pgmA3433281,silent,G,G,G,G
3484126,cysA3,cysA33484126,silent,G,A,A,A
3504613,pflA,pflA3504613,nsSNP,G,G,G,G
3507769,fadE23,fadE233507769,nsSNP,A,A,A,A
3508970,fadB4,fadB43508970,silent,A,G,G,G
3517358,nuoG,nuoG3517358,nsSNP,T,T,T,T
3524094,nuoL,nuoL3524094,nsSNP,G,G,G,G
3526873,nuoN,nuoN3526873,nsSNP,G,G,G,G
3540239,hpx,hpx3540239,silent,G,G,G,G
3544899,mesT,mesT3544899,silent,C,C,C,C
3569508,uvrD2,uvrD23569508,silent,G,G,G,G
3569759,uvrD2,uvrD23569759,nsSNP,C,C,C,C
3571828,nudC,nudC3571828,nsSNP,G,C,C,C
3603744,aroA,aroA3603744,nsSNP,G,G,G,G
3609510,pvdS,pvdS3609510,nsSNP,G,G,G,G
3620430,secA1,secA13620430,silent,G,G,G,G
3623861,lpqB,lpqB3623861,silent,G,G,G,G
3664457,maf,maf3664457,nsSNP,C,A,A,A
3665753,sseA,sseA3665753,nsSNP,G,A,A,A
3671786,lat,lat3671786,silent,G,G,G,G
3674138,pcd,pcd3674138,silent,G,G,G,G
3679062,lhr,lhr3679062,nsSNP,G,G,G,G
3694289,deoD,deoD3694289,nsSNP,C,C,C,C
3707236,sdhB,sdhB3707236,silent,G,G,G,G
3709472,moaX,moaX3709472,silent,C,G,G,G
3727145,metC,metC3727145,nsSNP,G,G,G,G
3796950,lytB1,lytB13796950,nsSNP,T,T,T,T
3812886,guaA,guaA3812886,nsSNP,G,G,G,G
3814549,phyA,phyA3814549,silent,G,G,G,G
3816078,idsA1,idsA13816078,nsSNP,A,A,A,A
3860678,mrsA,mrsA3860678,silent,C,C,C,C
3863138,esxU,esxU3863138,nsSNP,G,A,A,A
3882514,rmlB,rmlB3882514,silent,C,C,C,C
3883178,rmlC,rmlC3883178,nsSNP,A,C,C,C
3904061,cpsA,cpsA3904061,silent,G,G,G,G
3908465,otsA,otsA3908465,nsSNP,A,G,G,G
3912978,mce4F,mce4F3912978,nsSNP,T,T,T,T
3916386,mce4C,mce4C3916386,nsSNP,G,T,T,T
3919145,mce4A,mce4A3919145,nsSNP,G,G,G,G
3919951,yrbE4B,yrbE4B3919951,nsSNP,G,G,G,G
3952308,fadD19,fadD193952308,nsSNP,C,A,A,A
3954994,cyp142,cyp1423954994,nsSNP,C,C,C,C
3959730,ltp3,ltp33959730,nsSNP,T,C,C,C
3985254,cyp125,cyp1253985254,silent,G,G,G,G
4025853,lpqE,lpqE4025853,silent,G,G,G,G
4026899,radA,radA4026899,silent,G,A,A,A
4062775,lpqG,lpqG4062775,silent,A,A,A,A
4080525,fic,fic4080525,silent,C,T,T,T
4104877,dppB,dppB4104877,nsSNP,G,A,A,A
4109342,acs,acs4109342,silent,G,A,A,A
4115890,nth,nth4115890,nsSNP,G,C,C,C
4123770,ponA2,ponA24123770,nsSNP,G,A,A,A
4155748,dnaQ,dnaQ4155748,nsSNP,A,A,A,A
4156099,dnaQ,dnaQ4156099,nsSNP,C,A,A,A
4156503,dnaQ,dnaQ4156503,nsSNP,C,T,T,T
4158493,cobQ2,cobQ24158493,silent,C,T,T,T
4160371,recR,recR4160371,nsSNP,C,A,A,A
4166441,dnaZX,dnaZX4166441,silent,G,A,A,A
4169763,cut5b,cut5b4169763,nsSNP,A,A,A,A
4182387,ligC,ligC4182387,silent,G,C,C,C
4182695,ligC,ligC4182695,nsSNP,G,A,A,A
4205927,fadE36,fadE364205927,nsSNP,C,C,C,C
4218941,echA21,echA214218941,silent,G,A,A,A
4246085,embA,embA4246085,nsSNP,G,G,G,G
4248115,embB,embB4248115,silent,C,T,T,T
4284798,papA2,papA24284798,nsSNP,C,C,C,C
4315253,glpQ1,glpQ14315253,nsSNP,G,G,G,G
4370038,mycP2,mycP24370038,nsSNP,G,T,T,T
4393590,-,-4393590,nsSNP,C,G,G,G
4400839,sigM,sigM4400839,silent,T,T,T,T
